{"cameraMode":{"drawMode":0,"name":"Shaded","section":"Shading Mode"},"sceneLighting":true,"audioPlay":false,"sceneViewState":{"showFog":true,"showMaterialUpdate":true,"showSkybox":true,"showFlares":true,"showImageEffects":true,"showParticleSystems":true,"showVisualEffectGraphs":true,"m_FxEnabled":true},"in2DMode":false,"pivot":{"x":-0.7378971576690674,"y":8.588327407836914,"z":-19.26593780517578},"rotation":{"x":0.012568014673888684,"y":-0.9833371043205261,"z":0.1652560979127884,"w":0.07480350881814957},"size":13.068737983703614,"orthographic":true}