{"cameraMode":{"drawMode":0,"name":"Shaded","section":"Shading Mode"},"sceneLighting":true,"audioPlay":false,"sceneViewState":{"showFog":true,"showMaterialUpdate":true,"showSkybox":true,"showFlares":true,"showImageEffects":true,"showParticleSystems":true,"showVisualEffectGraphs":true,"m_FxEnabled":true},"in2DMode":false,"pivot":{"x":1.4865388870239258,"y":44.06476593017578,"z":-78.98628997802735},"rotation":{"x":0.34165915846824648,"y":-0.034277789294719699,"z":0.012686782516539097,"w":0.9392097592353821},"size":129.27760314941407,"orthographic":true}